,Amount,Risk,Share
0,1350,ninein10yr,2.354022118810321e-05
1,167196,ninein100yr,0.0029154302383452625
2,167196,twentyonein10yr,0.0029154302383452625
3,1510249,twentyonein100yr,0.026334515191934582
4,57348654,total,1.0
